"masterpiece, best quality, highres, @ANIRL. , A ghostly figure in aged black and red ink, rendered in wet brushstrokes with feathered edges that fade into brown ink tones, stands on a weathered wooden boat set in murky swampy wetlands under moonslight. Tall, willowy trees overhang the scene, their long, thin branches blurred by an extreme long-exposure technique that softens leaves into streaks of dark and faint remaining afterimage of light. A single will-o'-the-wisp glows softly in the foreground, creating a high-contrast focal point in low black-and-white toner. Deep shadows dominate the underbrush and water, with spotlit details where ink strokes catch the light, such as the edges of the boat s cracks and the ghost s hollow facial contours. The entire composition uses traditional Chinese ink inversion (black subject on lighter void), while texture layers imitate aged paper fibers creating papery roughness. Overall detail is hyper-defined in focal areas yet dissolves into atmospheric blur through selective soft focus, especially near the horizon line. The surreal, dystopian mood is heightened by deep contrast, sparing flicks of red in the distant foliage, and the single unnatural will-o'-the-wisp whose light seems to float without a source. Camera framing is from a low angle close to the swamp surface, exaggerating the ghost s height and the foreshortened shoreline curving into infinity."
"minimal graffiti wall portrait of an adult person in side profile, shoulders and knitted collar visible in monochrome grey, head tilted slightly back, the entire face and upper skull obliterated by thick white acrylic brushstrokes sweeping across the wall like a violent tag being buffed over, bristle marks, paint ridges, and dry streaks visible in the strokes, fragments of dark hair still showing through gaps, the white paint radiating beyond the head silhouette into a pale concrete background, sparse wall texture, faded plaster, ghosted wheatpaste edges, near-black shadows, grey-white palette, conceptual street art about erased identity, clean but aggressive, gallery mural meets vandalized poster"
"The palette is dominated by dark tones. The texture is pronounced, with brushstrokes and traces of paint visible, imitating the process of painting using multi-layered tones. The composition is centered around the figures, and the background flows smoothly in color and tone. The style is abstract, almost sculptural. The style is abstract, almost sculptural. Free, gestural brushstrokes create a sense of movement and action. The muted color palette includes subtle variations in tone. The sense of depth is achieved through different densities of brushstrokes. The light source is diffused, giving the image a slightly cool and mysterious shade. The style of painting is reminiscent of abstract realism and expressionism. Soft shadows that reflect every detail and add volume to the scene. 
A young Caucasian female is partially submerged in a dark, murky pond, her face obscured by long, damp, auburn hair. Her wide, fearful blue eyes pierce through the strands, conveying a desperate plea. She wears a dark gray, long-sleeved tunic, the fabric clinging to her as it soaks. Her pale hands, with delicate fingers and wet skin, reach out from the water, one hand grasping towards the viewer, the other extending in a gesture of distress. Water droplets cling to her skin and hair, shimmering in the dim light. The pond is filled with large, round, green lily pads, some partially submerged, and surrounded by tall, reedy grass and mossy rocks. The water's surface is disturbed by ripples and small fallen leaves. The lighting is low-key and dramatic, creating deep shadows and highlighting her distressed features and hands. The overall atmosphere is one of despair and entrapment, with a somber, eerie mood. The style is highly realistic with a touch of gothic horror, reminiscent of Pre-Raphaelite narrative paintings. The composition is a close-up, Dutch angle perspective, emphasizing the claustrophobic and perilous situation."
"Close-up macro photograph of a womans face, cropped to focus on the eye region. Subject: single woman, visible facial features include smooth skin, meticulously defined eyelid, and dark hair strands framing the face. Skin texture: realistic, matte finish with subtle pores visible. Gold particles: fine, reflective gold flecks adhering to the upper eyelid and extending into the hairline. Eyelashes: long, dark lashes with individual strands rendered with precise detail, exhibiting a slight upward curve. Hair: dark, textured strands with individual hairs visible, partially obscuring the lower frame. Lighting: dramatic chiaroscuro with a single directional light source casting sharp shadows across the face and highlighting the golden particles. Color palette: deep indigo shadows contrasting with vibrant gold yellows and warm amber highlights. Composition: cropped tight on the eye, with the forehead and chin excluded. Style: hyper-detailed digital painting with hand-drawn ink linework, granular texture on skin, and swirling golden particles. Textural elements: etched linework creating granular depth on the eyelid, metallic sheen on gold particles, and visible hair strands. Digital art technique: Adobe Fresco brush with layered opacity and fine-tuned blending modes. Background: completely cropped out to emphasize the face."
"extreme close-up portrait of a young woman lying sideways with her face tilted at a disorienting angle, the entire composition drenched in explosive prismatic light bloom erupting across her skin in scattered rainbow lens flare clusters, each bloom fracturing into full spectrum chromatic ribbons of red orange yellow green blue and violet that bleed and feather across her cheekbones nose and brow in soft irregular bursts, the bloom sources glowing with an almost liquid luminosity as if sunlight is being bent through crystal and poured directly onto warm freckled skin, overlapping prism flares of varying scale stacking across her face like scattered fallen light confetti, the skin beneath the bloom appearing luminous and almost translucent where the brightest bloom zones reach peak intensity creating a warm overexposed glow, wet glistening texture on the skin amplifying every bloom reflection into something jewel-like and hyperreal, dark auburn hair splaying loosely across the edges of the frame framing the glowing face in deep shadow contrast, soft pink florals blurred heavily in the foreground bokeh, teal and cool shadow tones in the background providing deep chromatic contrast against the warm bloom-saturated skin, the bloom itself feeling alive and overwhelming as if the light is the primary subject consuming the portrait, dreamy ethereal atmosphere, hyperrealistic digital painting, cinematic soft focus with razor-sharp bloom detail"
"masterpiece, very aesthetic, absurdres, painterly, @[caravaggio|adam de coster|yoneyama mai|cursedweeboo|daodtt|diao \(nrays\)|ravine bells], 
wide white border,  
Atmospheric urban night painting, warm glowing hotel lobby windows illuminating the dark street, deep amber and golden light spilling through large glass panels, strong contrast between bright interior and shadowy exterior, limited color palette of black, dark brown and warm yellow, wet pavement reflecting fragmented light, textured digital painting, rough canvas grain, loose expressive brushwork, soft edges, impressionistic atmosphere, silhouette-driven composition, environmental storytelling, moody nightlife scene, urban solitude, subtle rain-soaked reflections, painterly nightscape
A woman leaning against the wall beside the hotel entrance, wearing a short black evening dress, wide-brim hat, sheer black stockings, long black gloves and high heels. One leg supports her weight while the other is bent with her foot resting against the wall behind her. One arm loosely supports the other, a lit cigarette held between her fingers, thin smoke drifting upward into the warm glow from the windows. Her face remains mostly hidden in shadow beneath the hat brim, appearing as a dark silhouette against the illuminated interior. Her attention is directed toward the street, suggesting an anticipated meeting or arrival. The figure is integrated into the environment rather than dominating it.
Impressionistic digital painting, atmospheric urban impressionism, tonalist night scene, muted colors, simplified forms, strong silhouette design, warm interior glow, textured brush strokes, mood-focused illustration, gritty city atmosphere, understated elegance, nocturnal ambience, realistic lighting relationships, visual storytelling through light and shadow, artistic composition, evocative and cinematic mood without glamour, high-quality digital artwork.
 black theme, impasto, brushstroke, impressionism, oil painting \(medium\)"
"Surrealist close-up of a young East Asian woman with dark hair and wispy bangs, her large, luminous blue eyes gazing directly forward. She is framed behind a clear martini glass filled with water, which creates a shimmering distortion across the lower half of her face and coral-toned lips. Small, vibrant orange goldfish appear to swim through the water inside the glass and float weightlessly in the surrounding dark space. This painterly illustration features expressive, textured brushstrokes with brilliant white highlights on the glass and water. The color palette is high-contrast, featuring a solid black background that makes her pale skin and the vivid orange fish stand out. The composition uses the glass as a central focal point, creating a surreal and ethereal mood through the interplay of light and reflection."
"cinematic melancholic still life. An old phone glowing softly in a completely dark room at night. no notifications. untouched cup of cold coffee nearby. rain against the window. atmosphere of waiting for someone who once felt like home. emotional emptiness. muted blue tones. quiet heartbreak.,"
"a short bob cut black haired woman sitting cross legged on a cliff rock looking out at the sunset, geometric and vivid"
"A serene and sunlit scene featuring a small, elegant rowboat gently floating on crystal-clear turquoise water. The boat is painted white with soft blue interiors, and its reflection shimmers on the calm surface of the water. The sunlight penetrates the water, creating intricate patterns of light and shadow that ripple across the sandy bottom, adding depth and vibrancy to the composition.
Seated gracefully at the bow of the boat is a woman dressed in a flowing white summer dress with light blue floral patterns. She wears a wide-brimmed straw hat that casts a delicate shadow over her face, exuding a sense of calm and leisure. Her posture is relaxed, as she gazes into the tranquil expanse of the water around her.
The scene is bathed in bright natural light, with a color palette dominated by shades of turquoise, white, and soft blue, creating a refreshing and peaceful atmosphere. The art style is highly detailed and painterly, emphasizing the interplay of light, water, and texture to evoke a sense of serenity and timeless beauty, DB4RZ, DB4RZ style painting, NeoPigma, in the style of cksc,, anime, cyberpunk, masterpiece, award winning,"
"1girl, solo,""""hatune miku"""", mischievous cartoon tomboy girl making a peace sign, cocky grin, half-lidded eyes angular face, simple geometric body, oversized blocky hand close to camera, white sleeveless top, bright pink skirt, exaggerated energetic pose, early 2000s edgy western cartoon style, very thick uneven black outlines, flat poster colors only, no gradients, no soft shading, hard cel shading, sharp angular shapes, simple graphic silhouette, blue halftone dot background, yellow stars, pink diagonal geometric blocks, abstract background only, no background characters"
"Film photograph in portrait orientation, a woman's silhouette from the shoulders up rendered in near-total shadow against a low backlight source positioned directly behind her neck, the strong rim light tracing her jaw line, bare shoulder, and the underside of her chin in a thin copper-amber edge, her short bob-cut hair caught mid-motion by wind, individual strands separating and splaying outward to the right and catching the backlight as glowing filaments of amber and rust against the upper sky, the face in strict profile facing right with the nose and lip line just legible as a bright edge, the background a flat dusty blue-grey dusk sky occupying the upper half with faint film grain, a dark horizontal band of shadow cutting across the left midground, the lower half and flanks of the frame filled with clusters of small white daisy-like flowers rendered in soft focus bokeh, their petals catching cool blue-white ambient light in contrast to the warm copper glow surrounding the figure, shallow depth of field dissolving everything except the silhouette edge and nearest flower heads."
"blurry background, depth of field, rim light, chiaroscuro, anime coloring, flat color, sketch, oil painting, masterpiece, best quality, red apple, ants, gold sand"
"A hyper-realistic vintage painting in the style of Norman Rockwell, full body height with feet painting depicting A young couple in 1940s working-class attire, standing in Front of a gritty urban storefront. The Young man is wearing a dark flat cap, a beige short-sleeved shirt with suspenders, and high-waisted dark green wide-leg trousers with work boots, looking with wide open eyes in surprise at the young woman kissing his cheek. The young woman has vintage wavy red hair, wearing a white lace patterned top and a short dark floral skirt, black shoes and bobby-socks. She is Standing with her hands behind behind her back.The background features a weathered bakery with aged brickwork. The couple are Standing centered in the Painting. Natural soft lighting, moody atmosphere, film grain, muted vintage color palette, painterly yet hyper-realistic textures, highly detailed"
"Medium shot through a glass window of a young woman with freckles, and wavy reddish-brown hair. She sits in a diner booth with a orange leather backrest, resting her chin on her hand in a pensive, introspective pose. Her attire is a white long-sleeved blouse featuring delicate eyelet embroidery and gathered cuffs. Warm, golden sunlight filters through the window, casting intense highlights on her face and shoulder. Reflections of the street outside are layered over the scene, creating a vintage analog film aesthetic. The color palette is dominated by warm oranges, deep reds, and bright whites, establishing a nostalgic and quiet mood. The composition places the woman as the central focus within the reflective glass framing."
"A whimsical soft digital painting, masterpiece, high quality, Oil Painting, Hyper-realistic,Low-angle urban portrait of a stylish tween girl with long red hair in the middle of a city street, orange high-top sneakers adidas , and headphones around her neck. she's holding a sports drink bottle. sheâs framed by towering apartment buildings under a blue sky. Distorted perspective, fisheye lens look, streetwear editorial vibe with Y2K, The atmosphere crackles with tension and pride, a visual symphony of rebellion, unity, and raw street charisma. Style: gritty realism with dramatic contrast and urban textures. Mood: intense, defiant, and cool. Shadow and light, Masterpiece, intricate lines, intriguing atmosphere, sharp magnificent details, oil painting, delicate features, elaborate details, (2\3 rule composition:0.5), ultra detailed, romantic, Rembrandt lighting, brush stroke, lovely, del1cate_balance style, novuschroma, in the style of Rembrandt. vantablack"
"score_7, score_8, score_9, masterpiece, very aesthetic, dynamic angle, (mixed media:1.5), (stained glass \(medium\):1.5), limited palette, warm colors, The painting style is highly textured, with thick, brush-like strokes and a rough, gritty quality. oil painting \(medium\), painting \(medium\), relaxing day outdoors, surrounded by beautiful flowers, serene, light rays, relaxed, outstretched hands, standing on one leg, dark skin, dark-skinned female, white hair, orange gradient hair, gradient hair, messy hair, long hair, ahoge, loose hair strand, hair between eyes, (petite, cute), pink orange eyes, happy, blush, heart, stylish cute blouse, (fashion:2.0), ribbons, trim, puffy short sleeves, she knows you like her very much, she's happy to be with you"